{"cameraMode":{"drawMode":0,"name":"Shaded","section":"Shading Mode"},"sceneLighting":true,"audioPlay":false,"sceneViewState":{"showFog":false,"showMaterialUpdate":false,"showSkybox":false,"showFlares":false,"showImageEffects":false,"showParticleSystems":false},"in2DMode":false,"pivot":{"x":5.8616790771484379,"y":6.235769748687744,"z":-4.328341484069824},"rotation":{"x":0.42628106474876406,"y":-0.352550745010376,"z":0.1850210428237915,"w":0.8122578859329224},"size":3.5660252571105959,"orthographic":false}