{"cameraMode":{"drawMode":0,"name":"Shaded","section":"Shading Mode"},"sceneLighting":false,"audioPlay":false,"sceneViewState":{"showFog":false,"showMaterialUpdate":false,"showSkybox":false,"showFlares":false,"showImageEffects":false,"showParticleSystems":false},"in2DMode":false,"pivot":{"x":4.199999809265137,"y":2.2710001468658449,"z":-1.1449999809265137},"rotation":{"x":0.3527160584926605,"y":-0.13546234369277955,"z":0.05168594419956207,"w":0.9244325160980225},"size":0.4245292842388153,"orthographic":false}