{"cameraMode":{"drawMode":0,"name":"Shaded","section":"Shading Mode"},"sceneLighting":false,"audioPlay":false,"sceneViewState":{"showFog":false,"showMaterialUpdate":false,"showSkybox":false,"showFlares":false,"showImageEffects":false,"showParticleSystems":false},"in2DMode":false,"pivot":{"x":1.100000023841858,"y":6.513132572174072,"z":-4.300000190734863},"rotation":{"x":0.3527160584926605,"y":-0.13546234369277955,"z":0.05168594419956207,"w":0.9244325160980225},"size":0.81987065076828,"orthographic":false}