{"cameraMode":{"drawMode":0,"name":"Shaded","section":"Shading Mode"},"sceneLighting":false,"audioPlay":false,"sceneViewState":{"showFog":false,"showMaterialUpdate":false,"showSkybox":false,"showFlares":false,"showImageEffects":false,"showParticleSystems":false},"in2DMode":false,"pivot":{"x":3.9000000953674318,"y":1.434999942779541,"z":-0.5700000524520874},"rotation":{"x":0.4350903332233429,"y":-0.38081955909729006,"z":0.2101719081401825,"w":0.7883543968200684},"size":0.8486606478691101,"orthographic":false}