{"cameraMode":{"drawMode":0,"name":"Shaded","section":"Shading Mode"},"sceneLighting":false,"audioPlay":false,"sceneViewState":{"showFog":false,"showMaterialUpdate":false,"showSkybox":false,"showFlares":false,"showImageEffects":false,"showParticleSystems":false},"in2DMode":false,"pivot":{"x":17.479999542236329,"y":1.8000001907348633,"z":26.760000228881837},"rotation":{"x":0.0352531373500824,"y":0.5849493145942688,"z":-0.025461211800575258,"w":0.8099040389060974},"size":0.7071067690849304,"orthographic":false}